undefinedTIME,JOINT_0_X, JOINT_0_Y, JOINT_0_Z,JOINT_1_X, JOINT_1_Y, JOINT_1_Z,JOINT_2_X, JOINT_2_Y, JOINT_2_Z,JOINT_3_X, JOINT_3_Y, JOINT_3_Z,JOINT_4_X, JOINT_4_Y, JOINT_4_Z,JOINT_5_X, JOINT_5_Y, JOINT_5_Z,JOINT_6_X, JOINT_6_Y, JOINT_6_Z,JOINT_7_X, JOINT_7_Y, JOINT_7_Z,JOINT_8_X, JOINT_8_Y, JOINT_8_Z,JOINT_9_X, JOINT_9_Y, JOINT_9_Z,JOINT_10_X, JOINT_10_Y, JOINT_10_Z,JOINT_11_X, JOINT_11_Y, JOINT_11_Z,JOINT_12_X, JOINT_12_Y, JOINT_12_Z,JOINT_13_X, JOINT_13_Y, JOINT_13_Z,JOINT_14_X, JOINT_14_Y, JOINT_14_Z,JOINT_15_X, JOINT_15_Y, JOINT_15_Z,JOINT_16_X, JOINT_16_Y, JOINT_16_Z,JOINT_17_X, JOINT_17_Y, JOINT_17_Z,JOINT_18_X, JOINT_18_Y, JOINT_18_Z,JOINT_19_X, JOINT_19_Y, JOINT_19_Z,JOINT_20_X, JOINT_20_Y, JOINT_20_Z
87,416.4773257656254, 434.55737760397545, -0.00024540722370147705,354.65773558866726, 416.84039338119123, -6.92721700668335,296.0664987141597, 375.92255726651877, -11.636240005493164,244.40231764317176, 339.46429104282925, -15.934799194335938,198.6167667578828, 323.93133261417756, -20.640623092651367,362.1080197138306, 288.33566546102986, -11.51504135131836,336.98691016649525, 222.74586433052167, -14.242500305175781,323.31820715786984, 183.2659979270142, -16.22443962097168,310.9799559761808, 149.33207196614046, -18.04920768737793,408.8545673607509, 275.2516806815337, -10.755378723144531,395.97657978599625, 199.02721821494396, -13.18798542022705,387.5214045158965, 151.6394167792007, -14.510586738586426,378.3705178212147, 116.1906007447528, -15.459203720092773,449.5788337012027, 280.42846982734466, -10.297167778015137,449.3834112142598, 214.01641004614424, -12.147978782653809,449.7020576007486, 168.56327330661065, -11.827583312988281,446.05857889220005, 133.88886817897088, -11.731727600097656,484.9642282096037, 302.3684546451834, -10.671483993530273,505.67884130633377, 257.14352108535485, -11.616021156311035,520.5072408347742, 226.92553927242835, -11.31875991821289,529.7264731628414, 196.66380724227201, -10.896113395690918
181,420.4921577949898, 431.439321251195, -0.00035756826400756836,358.3183938983597, 416.7792998085478, -6.730546951293945,297.72547701618396, 378.48092956045355, -12.022229194641113,245.99521524829055, 342.72199647441795, -16.63551902770996,200.11313430110448, 327.5279359885133, -21.62846565246582,361.5260174783612, 300.0672659180511, -15.158853530883789,335.05415935572194, 234.73826956127706, -19.2453670501709,320.5346768709479, 194.2588000365526, -21.942157745361328,306.89030335206326, 158.33113276313895, -24.033241271972656,408.3956686748211, 284.3092208638558, -14.30392074584961,391.94241423259786, 207.83342999822165, -18.583513259887695,381.5256426384393, 156.81700796783545, -20.380889892578125,370.4087208932523, 117.34428444940178, -21.48294448852539,449.2555402752287, 286.08004102434444, -13.329874992370605,445.62743173558994, 218.02444922791895, -16.61425018310547,444.0344291818815, 168.775556264775, -16.48978042602539,438.2311157944508, 129.92507708806494, -16.378963470458984,484.7386179269441, 304.51238458475217, -12.968809127807617,502.9897865074572, 257.00419538280727, -14.723958969116211,516.007482654448, 225.39379551031496, -14.581920623779297,523.0444330511364, 193.4632042975727, -14.177894592285156
239,420.4800660600356, 431.5823636628836, -0.00028799474239349365,359.25280803915734, 416.4664084315877, -6.138731956481934,299.43353535677795, 379.1590585814598, -10.893282890319824,247.01885087163882, 345.4727085578494, -14.991886138916016,201.02189737945025, 331.78090168091126, -19.476778030395508,363.2205913450754, 295.6077857212835, -13.688920974731445,336.0660820912008, 228.6913569608896, -16.843290328979492,321.60743683192067, 188.2872897575482, -18.794883728027344,308.4702107875571, 153.42288709151495, -20.421920776367188,410.16958883078087, 280.53883834840406, -12.597555160522461,394.1737490599947, 203.5685150639015, -15.816010475158691,383.59711648136414, 154.10601231754185, -16.916772842407227,372.4376135664362, 116.87430940876104, -17.578298568725586,451.24658599246993, 283.4158884083432, -11.38189697265625,448.2695559420854, 215.6749496307523, -13.588109970092773,446.2366242803742, 168.0963795459753, -12.815537452697754,440.18069606829863, 131.94299423096464, -12.298595428466797,487.14955201082967, 302.4204602238336, -10.751859664916992,506.64779944270333, 255.75684795338123, -11.702058792114258,519.8969563419664, 224.67402067510758, -11.094602584838867,527.007191109015, 194.23119054192688, -10.361430168151855
294,418.82965167448145, 435.9578317705384, -0.0002289414405822754,355.43212543990694, 419.1903761382333, -6.496653079986572,295.00879502912704, 379.1124056916115, -11.32791519165039,241.67334731902724, 342.0919502811707, -15.572128295898438,193.92366861597506, 325.388309670984, -20.23102569580078,361.29339251997794, 296.38692639100327, -13.06147575378418,334.38389525718407, 229.8923487960339, -16.26597023010254,319.54888997850236, 189.30419913245981, -18.340003967285156,305.81278100722216, 154.2120099372316, -20.033164978027344,409.24722657501246, 281.34784118150316, -11.990622520446777,394.2638057272607, 203.9477685886993, -15.076187133789062,384.40367600719003, 154.93435497697809, -16.22761344909668,373.80175619952263, 117.67863009774999, -16.876420974731445,450.91095580748316, 283.86822364760025, -10.9552640914917,448.91647712326903, 215.3910450952793, -13.193400382995605,447.67085288968696, 168.25441829278037, -12.606435775756836,442.4385965112653, 132.04162772202832, -12.151392936706543,486.7548013351152, 302.4506938410722, -10.589889526367188,505.86840727302473, 254.34327883108114, -11.69023323059082,518.977340406773, 223.00539168598633, -11.235522270202637,526.4469522233948, 192.254709909114, -10.568685531616211
348,420.20226637941136, 431.72097605096803, -0.00032064318656921387,358.4749441992674, 416.7403432607592, -6.637286186218262,298.2348925164158, 378.7914560861328, -11.69137954711914,245.5250800802463, 343.96311920882783, -16.125261306762695,199.3092549898589, 328.9595034042288, -20.98858070373535,362.4633521522723, 296.83604158341404, -14.293886184692383,335.3559433808694, 231.1574627829337, -18.10093116760254,320.76535514970107, 190.31298754843482, -20.77150535583496,307.64973469425166, 154.43760816638533, -22.925756454467773,409.33285596195657, 282.4833122665052, -13.473495483398438,393.4808820838436, 206.23994173267693, -17.36165428161621,383.28211082528924, 155.39351513431447, -19.30698585510254,372.69478537494626, 116.29717226313531, -20.641490936279297,450.2947620043577, 285.82596777838233, -12.610613822937012,447.53649469489, 218.36755731625465, -15.548974990844727,446.4788867313141, 169.67082931591926, -15.611854553222656,441.58534953506563, 131.9645109638511, -15.70897388458252,485.9986966428446, 305.39861180280536, -12.382230758666992,506.25220321607003, 259.03754129915325, -13.972166061401367,520.6876110960308, 227.19791428124773, -13.983713150024414,529.0846098695577, 195.3982234985809, -13.782191276550293
401,423.19391198287536, 433.8215425087708, -0.0002947673201560974,360.91388721823165, 418.10045245743356, -6.507755756378174,300.59187761489176, 379.883105195414, -11.334836959838867,247.93893437322467, 345.4276621233847, -15.612810134887695,202.2429012757239, 331.73196381096244, -20.264301300048828,363.90511871891357, 294.2312723035482, -13.32004165649414,336.4542764009604, 227.93288495659675, -16.7514705657959,321.9760018426652, 187.66746969108993, -19.135343551635742,309.00833782980715, 152.78384373845267, -21.15573501586914,410.7257360565953, 279.3499766302511, -12.482232093811035,395.6266272023941, 202.29265658447756, -15.873867988586426,385.94301924744076, 153.07430439714147, -17.42928695678711,375.5327570917349, 115.83531490293839, -18.564687728881836,451.8897786441901, 282.7993033907619, -11.677389144897461,450.0767285231759, 215.20945175252913, -14.194146156311035,449.547600006548, 168.4470421401187, -13.975221633911133,444.7951924587595, 132.6528187287135, -13.965753555297852,488.0577512949249, 302.94333362219294, -11.548419952392578,508.1178633618458, 256.80104363244254, -12.87267780303955,522.18172751272, 225.97122058191417, -12.672842979431152,530.1897653075196, 195.35391927384188, -12.35559368133545
454,423.19391198287536, 433.8215425087708, -0.0002947673201560974,360.91388721823165, 418.10045245743356, -6.507755756378174,300.59187761489176, 379.883105195414, -11.334836959838867,247.93893437322467, 345.4276621233847, -15.612810134887695,202.2429012757239, 331.73196381096244, -20.264301300048828,363.90511871891357, 294.2312723035482, -13.32004165649414,336.4542764009604, 227.93288495659675, -16.7514705657959,321.9760018426652, 187.66746969108993, -19.135343551635742,309.00833782980715, 152.78384373845267, -21.15573501586914,410.7257360565953, 279.3499766302511, -12.482232093811035,395.6266272023941, 202.29265658447756, -15.873867988586426,385.94301924744076, 153.07430439714147, -17.42928695678711,375.5327570917349, 115.83531490293839, -18.564687728881836,451.8897786441901, 282.7993033907619, -11.677389144897461,450.0767285231759, 215.20945175252913, -14.194146156311035,449.547600006548, 168.4470421401187, -13.975221633911133,444.7951924587595, 132.6528187287135, -13.965753555297852,488.0577512949249, 302.94333362219294, -11.548419952392578,508.1178633618458, 256.80104363244254, -12.87267780303955,522.18172751272, 225.97122058191417, -12.672842979431152,530.1897653075196, 195.35391927384188, -12.35559368133545
510,420.63234479507395, 429.3007556424816, -0.00030349940061569214,358.6391509415294, 414.43462308870073, -7.172226428985596,298.2188130972992, 377.07606455552025, -12.632301330566406,245.58204126014698, 343.7930885236951, -17.46220588684082,200.2420489769377, 330.62895556800004, -22.72026252746582,363.51073949735337, 294.3739453354667, -15.133520126342773,337.30005379990473, 228.7847675834339, -19.250768661499023,323.17889107487366, 188.81781136854283, -21.894447326660156,310.44290114173367, 154.02305729551983, -23.99162483215332,411.0678324162898, 279.991750373232, -14.336965560913086,395.32375851880505, 203.76902698092155, -18.728609085083008,384.89526726899624, 153.98272889696366, -20.82358741760254,373.788379873137, 116.07325033542182, -22.211660385131836,452.7240241221277, 283.11934152763854, -13.553718566894531,449.4393232931368, 215.58725675191596, -17.036714553833008,447.1869412912091, 167.863140921453, -17.332876205444336,441.01210948940854, 131.29987994775297, -17.538753509521484,489.0841829623346, 302.58730068359193, -13.439231872558594,508.4813603266015, 255.79703575990388, -15.498941421508789,521.4659751164118, 223.807455721405, -15.728754997253418,528.1046636741339, 192.32863384806464, -15.662677764892578
568,426.22845841467176, 431.85436025768695, -0.00033602863550186157,362.0637928050935, 416.3251442108427, -6.661492347717285,301.7155260175968, 378.9759215635571, -11.779009819030762,249.2726098455341, 345.49357355966987, -16.30156707763672,201.97978947495713, 331.2863995615962, -21.264606475830078,363.94084730204816, 297.2343945181642, -14.47465705871582,336.16474412168725, 232.5940367237359, -18.69331169128418,321.04013381994434, 191.99472404492343, -21.759923934936523,307.32516616563373, 156.04165068405848, -24.168935775756836,410.37514044562823, 282.6776752518129, -13.837183952331543,394.4822039503863, 206.1564802542842, -18.13791847229004,384.2659460354063, 155.47238062981492, -20.340499877929688,373.46315282623823, 115.69844247531182, -21.860273361206055,451.08012370510255, 285.70976849742635, -13.18075180053711,448.4061655433479, 218.34275425265298, -16.5794734954834,447.36389057499974, 170.03201055037067, -16.9364070892334,442.33354777956987, 131.87573045810666, -17.24927520751953,486.30955211337164, 304.8905585831478, -13.153512954711914,505.655327512143, 258.79680399055025, -15.185667037963867,519.3539439876723, 227.18682561781478, -15.439995765686035,527.3786081705277, 195.13788110939979, -15.436318397521973
623,422.38358336906623, 428.5981235492303, -0.00032357871532440186,359.10307334469564, 414.24498895709576, -7.046445369720459,298.7180783760799, 377.3420562644402, -12.317276000976562,245.98122209570403, 344.76227540801244, -16.92780303955078,199.95448904790305, 332.59124709278063, -21.9741153717041,364.09766582136876, 294.0373736477022, -14.59505844116211,336.5879612911119, 228.12877172795228, -18.3909854888916,320.9608892238828, 188.44987212631906, -20.773447036743164,306.72538015642397, 154.20617357499032, -22.631624221801758,410.9292848591222, 279.19235733549726, -13.584321022033691,395.1704780360041, 202.13278877521523, -17.34841537475586,384.1205314637542, 153.2990677157874, -18.880830764770508,372.10363442379895, 116.28858967354643, -19.85894203186035,451.5991651433476, 282.05477248861087, -12.593420028686523,448.94570920512786, 214.73183270265386, -15.45059871673584,446.90310834948406, 168.2688548310063, -15.214643478393555,440.3534189782853, 132.6792399371532, -15.088753700256348,486.71132898299675, 301.25988901862934, -12.285978317260742,505.5998537194486, 255.17674047515877, -13.801419258117676,518.5148044882723, 224.7894390120574, -13.602659225463867,525.146595647828, 194.69021055047432, -13.217744827270508
680,424.40380832303947, 429.09381129886805, -0.0002564042806625366,360.64556024704376, 413.4464336135853, -7.359682559967041,301.4892173456619, 377.75788176688485, -12.805723190307617,249.740859789618, 346.384362863379, -17.641971588134766,203.67048312975837, 334.20720514893435, -22.89197540283203,363.83868473251016, 294.9293323686039, -14.777280807495117,335.45843435316044, 229.92324557384862, -19.110065460205078,319.56198888642746, 189.9062776378144, -22.077808380126953,305.3067306949778, 155.08089687610158, -24.403717041015625,410.3007813514751, 280.4245964116301, -14.15311336517334,394.40619032813555, 203.60752212267926, -18.50089454650879,383.3226351972729, 154.57825093595665, -20.73468017578125,371.6824802940979, 116.68447717014925, -22.26344108581543,450.99746449772886, 283.2895400354836, -13.657099723815918,448.52618753160345, 216.06351180177438, -17.198928833007812,446.36168579449543, 169.78590490383087, -17.65851593017578,440.1206164921021, 133.8614849849709, -18.0527400970459,485.9266774630239, 302.2057948557599, -13.888544082641602,505.1669727999531, 256.15655170606215, -16.10984992980957,517.7914515913704, 225.40724210329338, -16.412832260131836,524.5895093497287, 194.78040652882322, -16.432106018066406
735,422.9226492565647, 430.1611858982301, -0.00027824193239212036,360.5860910707873, 414.8806703060391, -6.442430019378662,299.70873690359883, 377.79554068630455, -11.417946815490723,245.92530652388655, 345.25348928879544, -15.843233108520508,198.5041559972363, 332.6520154414794, -20.699628829956055,362.62619304472753, 295.63753014739746, -13.97404670715332,334.0947387396294, 230.45114909450126, -17.701988220214844,318.32524377036987, 190.76330152471255, -20.140869140625,304.21998258227774, 156.3732871337873, -22.111278533935547,409.2542313059409, 280.12905981431874, -13.18911075592041,391.87371769059445, 204.0958665228818, -17.046916961669922,380.4882484276139, 154.8904013338439, -18.729337692260742,368.7427460164314, 117.27215434332425, -19.796735763549805,450.27953485596703, 282.2512420056037, -12.400223731994629,445.9267878123018, 214.96512636411165, -15.322709083557129,443.50574651969396, 167.5106395655343, -15.164970397949219,437.4565139515357, 130.8476736618171, -15.03888988494873,486.34488366278055, 300.7027608626222, -12.245752334594727,505.04286399524324, 254.1308539232008, -13.9353666305542,518.0227597868488, 222.51154644777273, -13.930243492126465,525.1287383870182, 191.1607063722596, -13.66993522644043
789,425.1106058708976, 430.60056199744224, -0.0002730563282966614,362.12667299171903, 417.30130899012704, -6.650959491729736,301.733636055504, 380.77946897428006, -11.831949234008789,249.156099065849, 347.51673664504267, -16.3189640045166,202.76494065764481, 333.51838081546805, -21.085817337036133,361.8756094573148, 298.3171954220323, -14.631328582763672,333.0106014342348, 232.13388518191647, -18.498971939086914,317.23738482556263, 192.3238193215845, -20.81871795654297,302.9727192700555, 157.94182241649793, -22.611486434936523,408.04072030031944, 281.23016258358507, -13.74966812133789,389.8258431049378, 203.11425456889395, -17.887569427490234,377.8686309996722, 154.01708436704905, -19.389915466308594,365.716775982769, 116.79176700981446, -20.23246955871582,448.74587271530936, 281.72171303253214, -12.803364753723145,443.6048968468406, 211.8843077457704, -15.935444831848145,439.8170424172582, 164.3626600435003, -15.56079387664795,432.23744582132747, 127.6263866363424, -15.254809379577637,484.37034002297275, 298.83290428325336, -12.476337432861328,499.78043033913343, 249.1492709173115, -14.181876182556152,509.85116014870175, 217.33856855542854, -13.84703254699707,514.4248613010801, 186.2328350186704, -13.286138534545898
843,428.69669241901806, 425.44840439377845, -0.00043501704931259155,364.6776583418636, 412.75229694292875, -5.749227523803711,302.57891670095205, 378.56736341674554, -10.920685768127441,248.64032000092416, 348.9263512075287, -15.591361045837402,202.46682620483773, 338.5265001078023, -20.820302963256836,362.0464302830658, 300.9372483320559, -15.161951065063477,332.80197909237836, 236.5033849636592, -19.7742862701416,315.95033553171794, 197.55290658313686, -22.791824340820312,300.81505412429135, 164.02108065525854, -25.0244083404541,408.114473314833, 284.1518423793054, -14.746560096740723,388.3504241569517, 207.03225479128767, -19.70741844177246,375.3939103267349, 157.21357064061064, -21.828779220581055,362.4586222927733, 119.12673755629308, -23.170408248901367,449.3026577658617, 283.9875029112388, -14.108433723449707,442.73681392535354, 214.38987552148242, -17.915565490722656,438.2398003820224, 165.89289152574526, -17.96160125732422,430.18018186100676, 128.2900959234382, -17.9544734954834,485.26104657089456, 300.01487196165994, -13.954046249389648,501.0775615430262, 250.1787508162669, -16.323076248168945,511.22314766065045, 217.83186977783032, -16.549747467041016,515.3674412367972, 186.44729987879475, -16.44412612915039
898,427.78125331641075, 428.16604217040737, -0.0004177391529083252,364.509367786426, 414.2552794053847, -4.8274736404418945,302.80698572887326, 379.6080095294225, -8.979453086853027,248.58707533239624, 351.1340437715487, -12.965423583984375,202.07484420281966, 341.88548902004925, -17.55484390258789,360.1248490416535, 297.3169531579017, -11.721973419189453,330.23606782088456, 234.63693090924517, -15.462383270263672,312.96793130215855, 197.4925145153446, -18.511159896850586,297.5600525317775, 165.63817663105067, -21.002931594848633,404.91012395358797, 280.67474156799625, -11.853473663330078,385.62329646515667, 204.70914759303832, -15.634440422058105,373.08126073603717, 156.42329733642356, -17.719114303588867,360.66285426611665, 119.44953102390195, -19.205135345458984,445.5877843498784, 281.8412923841644, -11.950206756591797,440.2218506787498, 213.6063147113025, -14.902225494384766,437.0632090115376, 166.25043822352433, -14.97538948059082,430.45007909665156, 129.2680140114716, -15.138199806213379,481.3707786088863, 300.1512591442513, -12.590702056884766,499.68781544259537, 252.524975662652, -14.418135643005371,512.3097060638315, 221.41010238725272, -14.553596496582031,519.2297599991211, 190.2985839872505, -14.493518829345703
950,426.18679240929976, 430.6793185305298, -0.00044596195220947266,362.99397977253363, 414.94612875761294, -7.142518520355225,302.0189032331215, 379.0311006396796, -12.34731388092041,247.29734500214659, 349.6941970266999, -17.50966453552246,199.67363620681056, 338.35956262568595, -23.344079971313477,358.21861326359397, 293.79950013227545, -11.718303680419922,330.212742700591, 232.31654326015854, -16.051677703857422,313.8524593489195, 193.09008307521967, -19.820133209228516,299.70730987309565, 158.8797229727257, -23.035993576049805,402.82627876240736, 279.87333741348095, -12.174521446228027,385.761206373387, 206.61245116127932, -16.388431549072266,373.9372784395428, 157.01447523424605, -19.816097259521484,362.3429758368905, 118.85840468488868, -22.432353973388672,443.38373931023216, 283.28560350145847, -13.155938148498535,440.32893636265953, 217.96575202775892, -16.903905868530273,438.3174279147243, 170.78347802590628, -18.62839698791504,432.71450601868025, 134.16767725258455, -20.03830337524414,479.7218087676288, 302.9339426924131, -15.000934600830078,499.26358349362414, 257.94697229236147, -17.938268661499023,512.5646240133588, 226.22885002050626, -19.309608459472656,520.0448928847514, 194.18387089387363, -20.24846649169922
1003,426.18679240929976, 430.6793185305298, -0.00044596195220947266,362.99397977253363, 414.94612875761294, -7.142518520355225,302.0189032331215, 379.0311006396796, -12.34731388092041,247.29734500214659, 349.6941970266999, -17.50966453552246,199.67363620681056, 338.35956262568595, -23.344079971313477,358.21861326359397, 293.79950013227545, -11.718303680419922,330.212742700591, 232.31654326015854, -16.051677703857422,313.8524593489195, 193.09008307521967, -19.820133209228516,299.70730987309565, 158.8797229727257, -23.035993576049805,402.82627876240736, 279.87333741348095, -12.174521446228027,385.761206373387, 206.61245116127932, -16.388431549072266,373.9372784395428, 157.01447523424605, -19.816097259521484,362.3429758368905, 118.85840468488868, -22.432353973388672,443.38373931023216, 283.28560350145847, -13.155938148498535,440.32893636265953, 217.96575202775892, -16.903905868530273,438.3174279147243, 170.78347802590628, -18.62839698791504,432.71450601868025, 134.16767725258455, -20.03830337524414,479.7218087676288, 302.9339426924131, -15.000934600830078,499.26358349362414, 257.94697229236147, -17.938268661499023,512.5646240133588, 226.22885002050626, -19.309608459472656,520.0448928847514, 194.18387089387363, -20.24846649169922
1059,427.0836498150288, 431.58978116508064, -0.0005017966032028198,363.04740974273096, 417.86481407659164, -5.680273056030273,301.4079978249829, 383.08878962555576, -10.183446884155273,248.4008816465439, 354.02163138168953, -14.480033874511719,206.02496042824555, 343.34049711470675, -19.29188346862793,356.41148570821633, 293.2705435985973, -11.218002319335938,327.86086276049, 229.40734835873099, -14.764734268188477,312.20819540386833, 190.89495155590396, -17.608442306518555,299.122973752782, 158.46350237566844, -20.106473922729492,402.3061591264034, 277.9977933336875, -11.254287719726562,383.9448978485969, 202.61160505382858, -14.686319351196289,371.7159494965037, 153.66825336666582, -17.03264045715332,359.74141801289636, 117.91493791731713, -19.000385284423828,444.3177534399274, 281.20305068196444, -11.468381881713867,439.80537661921716, 213.86325844992896, -14.376830101013184,436.52122902476924, 167.341216430306, -15.107215881347656,429.53347954285704, 133.10792561147804, -15.884005546569824,482.09540844705595, 301.2631090620138, -12.299448013305664,500.04914405275184, 254.55988898309923, -14.33346939086914,511.8431570839026, 223.10905552632767, -14.904706954956055,517.2988810543261, 193.0229370093416, -15.278434753417969
1111,428.463138166337, 429.8945969521045, -0.00039487332105636597,364.93203963174074, 416.606505681601, -6.946563720703125,303.34506658629954, 381.9384750235812, -12.004406929016113,248.42921793486366, 351.46897702234656, -16.648529052734375,202.08300256637864, 339.2338993080836, -21.646080017089844,356.564546510206, 292.29286262921266, -12.062307357788086,325.8124142732826, 231.04434396949367, -16.124095916748047,308.5714897078813, 193.04586614193136, -19.447004318237305,293.83000501271476, 160.21226612310656, -22.326587677001953,401.6041925116289, 276.2261183629631, -11.87375545501709,383.52163974274987, 202.70829445144028, -15.496257781982422,371.1803123815968, 155.4086365436841, -18.071313858032227,359.3643246519576, 120.77460718129709, -20.277267456054688,442.38556984896786, 278.9993975325696, -12.033769607543945,439.4171894403137, 213.62287305459319, -15.144533157348633,436.9948382154171, 169.2540131981229, -16.185426712036133,430.5389932975081, 136.11858636898384, -17.335186004638672,478.6403475112364, 299.2707817815805, -12.962003707885742,495.15030828208415, 253.97172782436755, -15.139719009399414,505.89046756096116, 224.77724388106492, -15.75888729095459,511.22776170408355, 196.4446069132218, -16.26930046081543
1165,428.4915194265569, 431.25837749805305, -0.00038233399391174316,366.74921648179253, 422.3654140890395, -6.988221645355225,304.2606033402275, 388.6872183096051, -11.904891014099121,248.38631781383774, 359.86271903084105, -16.59981918334961,200.1400138834151, 349.22886581681036, -21.60873794555664,351.8911276687119, 297.7833163649401, -10.875185012817383,318.91507295113286, 239.79157223081612, -14.920495986938477,299.7665364517427, 201.6712408509098, -18.714868545532227,283.2160179818287, 167.68482477829895, -22.132715225219727,396.34725121606294, 279.24008199218895, -11.268528938293457,374.6129453335807, 208.57834147317243, -14.949067115783691,359.1098485324504, 159.6361674602917, -18.16252326965332,345.03807527328814, 123.58564335004007, -20.825836181640625,437.69663929485677, 279.9974309657119, -12.198649406433105,431.579843809686, 215.41342233076853, -15.445911407470703,426.2375437650419, 168.289146917141, -16.87137794494629,417.6656686456368, 132.38250534919905, -18.339374542236328,475.7877090848462, 299.8007236253903, -14.014411926269531,491.07877385337224, 254.0819099932743, -16.351167678833008,500.49658611617815, 223.3160378496529, -17.149581909179688,504.7624613464573, 192.95474449229283, -17.818429946899414
1218,431.94305878273104, 433.3394277693234, -0.0005643144249916077,371.80726960648053, 424.1722515385775, -6.101263046264648,311.10595647200745, 391.41890219754583, -10.291128158569336,256.8554020950237, 364.0654210702984, -14.615924835205078,208.53147492562945, 354.71160613977656, -19.250593185424805,348.00761190015993, 302.3661506780993, -8.368107795715332,314.1305312414683, 248.51145420203306, -12.103863716125488,295.4241427899223, 211.14628837439656, -15.833836555480957,278.73165054219214, 176.8177478363183, -19.263425827026367,389.69035795531755, 281.49650177248037, -9.336654663085938,364.42865016638115, 213.46531950527827, -12.745920181274414,347.0514296639368, 164.77361572351884, -16.18121910095215,331.3761546966866, 127.25983166796539, -19.021997451782227,430.01382156646304, 279.6095571147567, -10.953780174255371,419.5831966367258, 216.25625470116543, -14.170418739318848,411.4917918906207, 169.89182051694087, -16.077417373657227,400.6525504295914, 132.94634543633504, -17.884899139404297,468.50485621176034, 296.9482390438033, -13.450485229492188,477.326465264465, 251.1629446588854, -15.99257755279541,482.39755827348034, 220.87139557120653, -17.13907241821289,482.83784602106044, 190.01035017856785, -18.023780822753906
1275,465.5692295403362, 434.151811163533, -0.0004031136631965637,392.2026659731855, 430.88098930844006, -6.061789035797119,321.43624547625296, 402.7874722437426, -11.308554649353027,260.136264239105, 377.2591590224412, -16.409215927124023,208.48087595431033, 369.11478689458414, -21.815061569213867,347.08110688868146, 309.779260751538, -11.39156723022461,306.18471126983843, 257.84161815840116, -17.39000129699707,281.374488641246, 219.86446282721442, -22.19354820251465,260.4891820997494, 184.2699649440243, -26.027441024780273,387.8951843570678, 283.37527394769177, -12.118863105773926,352.049850889685, 216.68266119615092, -18.065793991088867,328.5145574487913, 167.06462349656138, -22.615346908569336,308.8404290178803, 127.3131436965568, -26.319713592529297,427.67846772402174, 274.40406416582914, -13.21799373626709,402.0954565910286, 209.55409793091684, -18.520339965820312,384.9785466072735, 162.42179570996993, -21.839752197265625,369.25885002194207, 124.04224819310136, -24.621810913085938,466.9575949585546, 282.2868072971218, -14.923192977905273,453.2532838197226, 229.27089055882308, -19.2816219329834,442.2799916707404, 195.80407417961035, -21.7681884765625,430.8688378071688, 164.36286840750196, -23.714523315429688
1328,461.9330687439364, 430.69494916212864, -0.00032901763916015625,391.19213244188677, 432.7711982190589, -6.408690929412842,317.7845482894945, 406.90781350784187, -12.671467781066895,255.3526112592884, 381.6734787441868, -18.004365921020508,201.09401196427154, 374.49854147732344, -23.800424575805664,352.950101595381, 324.8430247560788, -20.12392807006836,311.6305097612687, 272.2204287732911, -27.677927017211914,286.0253698594819, 232.88969472056812, -32.21038055419922,263.90159582111573, 197.71638622720684, -35.26054763793945,395.16947194667523, 294.81705385653237, -19.70456314086914,353.53064039101065, 229.24400386662046, -28.403162002563477,324.50556469673853, 175.66125549697892, -33.101959228515625,300.8235433620424, 135.0347907330389, -35.99922561645508,434.2106261492885, 281.33340225911866, -18.757965087890625,402.91979208015624, 213.59932746055844, -25.727163314819336,378.85411552621514, 159.39166071458544, -28.586429595947266,357.9845083786872, 117.17233902353601, -30.272865295410156,471.6380219336313, 285.645227602115, -18.043434143066406,459.82765410326596, 228.1627642146455, -23.36235237121582,447.351928933438, 189.19804320222752, -25.824085235595703,433.1520971872172, 154.3557506265852, -27.166034698486328
1384,472.3626615402041, 427.7561085139166, -0.00024759024381637573,394.456009929358, 430.94770353562865, -5.039303779602051,317.3254367563196, 410.14161833611297, -10.892847061157227,251.54617576841412, 389.1700759001469, -15.407240867614746,193.9092944940669, 384.7467050721863, -20.4150390625,352.58393658930487, 334.501364600334, -23.55780792236328,303.065250701633, 287.97342068781126, -32.51540756225586,271.8836723690266, 251.03185188875912, -38.18110656738281,245.6715244932109, 218.69229400892905, -41.71598815917969,395.3276178254158, 300.2274832328149, -22.274242401123047,348.72968315551344, 242.62398661042747, -32.574462890625,316.75183666142016, 192.53197084805385, -37.70652389526367,291.6427969226611, 154.07322751354778, -40.83724594116211,434.0227896817984, 281.99615041836705, -19.72068977355957,401.03092965624467, 219.04442781403836, -27.037994384765625,375.3698521875451, 165.47792854968898, -29.58001136779785,352.8883231811766, 122.7993683160067, -31.143321990966797,468.6340047264787, 281.0970896354891, -17.052932739257812,459.73741392316765, 223.67733448956108, -22.05047035217285,447.23351644375424, 183.41732136731446, -24.106971740722656,431.7676858257008, 147.28511175693922, -25.417558670043945
1443,472.3626615402041, 427.7561085139166, -0.00024759024381637573,394.456009929358, 430.94770353562865, -5.039303779602051,317.3254367563196, 410.14161833611297, -10.892847061157227,251.54617576841412, 389.1700759001469, -15.407240867614746,193.9092944940669, 384.7467050721863, -20.4150390625,352.58393658930487, 334.501364600334, -23.55780792236328,303.065250701633, 287.97342068781126, -32.51540756225586,271.8836723690266, 251.03185188875912, -38.18110656738281,245.6715244932109, 218.69229400892905, -41.71598815917969,395.3276178254158, 300.2274832328149, -22.274242401123047,348.72968315551344, 242.62398661042747, -32.574462890625,316.75183666142016, 192.53197084805385, -37.70652389526367,291.6427969226611, 154.07322751354778, -40.83724594116211,434.0227896817984, 281.99615041836705, -19.72068977355957,401.03092965624467, 219.04442781403836, -27.037994384765625,375.3698521875451, 165.47792854968898, -29.58001136779785,352.8883231811766, 122.7993683160067, -31.143321990966797,468.6340047264787, 281.0970896354891, -17.052932739257812,459.73741392316765, 223.67733448956108, -22.05047035217285,447.23351644375424, 183.41732136731446, -24.106971740722656,431.7676858257008, 147.28511175693922, -25.417558670043945
1502,489.29230382872254, 424.36190617142427, -0.0003720298409461975,414.97152682534465, 430.93503078391063, -3.0373480319976807,336.58162106626673, 414.1180388465607, -7.74536657333374,268.185360971611, 397.584887614173, -11.194046020507812,212.1744651401959, 402.277283474864, -15.069258689880371,360.66505057735554, 338.5438525172774, -21.372438430786133,312.0970223336236, 285.934051882524, -27.596426010131836,284.1673418460031, 251.47354015341583, -30.206533432006836,260.7925712110508, 224.54839136923837, -31.415796279907227,399.336795439532, 301.8080814579189, -20.157459259033203,351.3182074351852, 237.0626213663217, -27.86277961730957,323.545588503276, 189.70910725142716, -29.95228385925293,302.6359310788804, 156.13327809775615, -30.855621337890625,435.6436073581165, 282.59063383945244, -17.415502548217773,397.4920883805783, 214.0604130246067, -22.893230438232422,375.06262995289273, 164.4192348287712, -23.467182159423828,356.7991837611576, 127.33156178172413, -23.579570770263672,468.4715022330895, 280.9061298342913, -14.31184196472168,451.2865650413508, 221.0537891775088, -17.861186981201172,437.1416763322559, 185.22402508159212, -18.287437438964844,421.5972463757229, 155.70257102719938, -18.141239166259766
1578,497.7158146759007, 394.43219341830417, -0.0007077306509017944,438.6820372014631, 416.45587685887665, -6.0255656242370605,370.49217350021564, 405.98788865800236, -10.769648551940918,310.33035054504035, 394.9075837528211, -15.791133880615234,261.95682145155916, 395.2446616854809, -21.02614974975586,362.9441438411133, 309.8185557454412, -8.127532958984375,310.1572516686625, 274.81775833972415, -12.670646667480469,274.6319631899654, 249.79390381868404, -16.798141479492188,244.25356658064806, 228.18739027232277, -20.37990379333496,393.1074042788965, 279.3223292269298, -9.696441650390625,340.24433400287035, 230.82078811206856, -15.05468463897705,300.7819422829915, 196.23124955603492, -19.91650390625,268.7179055712388, 171.64828624414469, -23.450475692749023,427.7642385687838, 264.0526093100558, -11.941579818725586,386.38626782719933, 212.66608831100558, -16.821643829345703,353.77223897503325, 178.02007413900083, -20.536800384521484,325.1194638462956, 154.09611146658634, -23.25706672668457,467.2305675599928, 262.21739462877053, -14.918785095214844,444.4904782250404, 218.5626870246396, -19.30754852294922,425.31225110404284, 190.59908153647058, -22.141998291015625,403.30371080741253, 166.15514878033164, -24.068307876586914
1631,501.12255995216253, 391.1192046925815, -0.0006567463278770447,443.39491435725375, 416.5097943628638, -7.146096706390381,374.6852535614016, 409.17736425145824, -12.155111312866211,314.38051851086857, 401.4195958991353, -17.631614685058594,268.1931271426486, 404.6812510733995, -23.371675491333008,357.7036960137996, 310.7790210233901, -7.28656005859375,304.72500072172386, 278.2128979697893, -11.863954544067383,269.10664990317446, 254.57926808339744, -15.996064186096191,239.43434697823744, 234.67889896069136, -19.79111099243164,385.6099644647758, 279.24138796640005, -9.232075691223145,332.3612751315318, 233.2438912524165, -14.415383338928223,293.3542671544512, 200.63380238326312, -19.566349029541016,262.42001639600323, 178.00810982896914, -23.473451614379883,419.7235848628884, 262.4530390114986, -12.282073020935059,377.3807757803648, 211.45812777060462, -17.436908721923828,345.02939206856723, 177.64300931620681, -21.586803436279297,317.22873968492564, 154.8003867874087, -24.7661190032959,460.7137596631578, 259.0789552903123, -16.333282470703125,437.01826463055806, 215.05387858144968, -21.365833282470703,417.60119496640385, 186.07023106221652, -24.649993896484375,396.05369281478175, 161.07377102110254, -26.96979331970215
1684,508.184264209544, 390.3503669944792, -0.0006992518901824951,449.9998508877193, 416.0514118860576, -5.453928470611572,381.06024209786807, 411.9435807061901, -9.104300498962402,319.7988254916968, 405.7700302719486, -12.866640090942383,273.4865444060235, 411.7903740654266, -16.514293670654297,366.41292248913226, 316.4305187350466, -6.225157737731934,309.12853968312425, 283.656752859205, -9.54033088684082,272.63608794867497, 263.1030609475481, -12.646703720092773,242.64729658398795, 247.09282289878664, -15.477373123168945,391.05953873581666, 282.93717451605056, -7.161040306091309,331.3291957600601, 237.48242998483025, -11.548980712890625,290.2632240146729, 206.83745569848838, -15.745336532592773,257.92173109345083, 185.12709207671173, -18.63190460205078,421.63944221660887, 263.88344048775747, -8.736333847045898,376.6814380144354, 211.7726414418742, -12.654411315917969,344.73606612023144, 177.8120329305534, -15.383015632629395,316.3832486192493, 153.87396448270988, -17.306432723999023,457.92287771473667, 258.67969977085113, -11.02752685546875,430.93534394583463, 214.30398297638044, -14.57700252532959,411.60042301149997, 186.57797206043844, -16.212923049926758,390.15623730008883, 162.10496530206768, -16.99936866760254
1738,508.184264209544, 390.3503669944792, -0.0006992518901824951,449.9998508877193, 416.0514118860576, -5.453928470611572,381.06024209786807, 411.9435807061901, -9.104300498962402,319.7988254916968, 405.7700302719486, -12.866640090942383,273.4865444060235, 411.7903740654266, -16.514293670654297,366.41292248913226, 316.4305187350466, -6.225157737731934,309.12853968312425, 283.656752859205, -9.54033088684082,272.63608794867497, 263.1030609475481, -12.646703720092773,242.64729658398795, 247.09282289878664, -15.477373123168945,391.05953873581666, 282.93717451605056, -7.161040306091309,331.3291957600601, 237.48242998483025, -11.548980712890625,290.2632240146729, 206.83745569848838, -15.745336532592773,257.92173109345083, 185.12709207671173, -18.63190460205078,421.63944221660887, 263.88344048775747, -8.736333847045898,376.6814380144354, 211.7726414418742, -12.654411315917969,344.73606612023144, 177.8120329305534, -15.383015632629395,316.3832486192493, 153.87396448270988, -17.306432723999023,457.92287771473667, 258.67969977085113, -11.02752685546875,430.93534394583463, 214.30398297638044, -14.57700252532959,411.60042301149997, 186.57797206043844, -16.212923049926758,390.15623730008883, 162.10496530206768, -16.99936866760254
1793,503.95174694820594, 388.67135509670067, -0.0010165497660636902,445.80423678739965, 414.4330207342998, -5.218002796173096,379.8283255121401, 408.23788972653836, -9.762870788574219,321.4110690740395, 401.66496975774083, -14.387714385986328,276.6165355096243, 404.9826787248986, -19.178382873535156,368.7156985806317, 313.3102297900018, -8.082897186279297,311.8138368399777, 279.1266354384594, -12.703553199768066,274.2032561548804, 257.1461056000567, -16.72809410095215,243.01729853551547, 239.68385442185897, -20.160400390625,394.65196982768026, 281.0135946869427, -9.545934677124023,335.09124533070343, 235.27800787293717, -15.352555274963379,293.56594289864046, 206.049812622853, -20.27118492126465,261.33246477581986, 187.20812338708618, -24.092531204223633,425.76979564859164, 263.28280848135853, -11.462787628173828,377.3865975704071, 212.7398985319009, -17.075735092163086,344.3449768416581, 184.8101811754233, -21.506614685058594,316.7608009675229, 167.73569200472684, -24.903594970703125,461.5898568569098, 258.0960984969847, -13.855920791625977,429.48086864956764, 214.79547764296873, -18.7707576751709,405.8517188945682, 193.48808752806696, -21.953346252441406,381.90294474505185, 177.78104666751733, -24.303773880004883
1848,503.95174694820594, 388.67135509670067, -0.0010165497660636902,445.80423678739965, 414.4330207342998, -5.218002796173096,379.8283255121401, 408.23788972653836, -9.762870788574219,321.4110690740395, 401.66496975774083, -14.387714385986328,276.6165355096243, 404.9826787248986, -19.178382873535156,368.7156985806317, 313.3102297900018, -8.082897186279297,311.8138368399777, 279.1266354384594, -12.703553199768066,274.2032561548804, 257.1461056000567, -16.72809410095215,243.01729853551547, 239.68385442185897, -20.160400390625,394.65196982768026, 281.0135946869427, -9.545934677124023,335.09124533070343, 235.27800787293717, -15.352555274963379,293.56594289864046, 206.049812622853, -20.27118492126465,261.33246477581986, 187.20812338708618, -24.092531204223633,425.76979564859164, 263.28280848135853, -11.462787628173828,377.3865975704071, 212.7398985319009, -17.075735092163086,344.3449768416581, 184.8101811754233, -21.506614685058594,316.7608009675229, 167.73569200472684, -24.903594970703125,461.5898568569098, 258.0960984969847, -13.855920791625977,429.48086864956764, 214.79547764296873, -18.7707576751709,405.8517188945682, 193.48808752806696, -21.953346252441406,381.90294474505185, 177.78104666751733, -24.303773880004883
1900,502.2817429465074, 390.84986465792576, -0.000983692705631256,447.27040937643596, 416.87449057068034, -5.787287712097168,379.56379342895036, 411.314828212361, -10.80856990814209,320.4535365844301, 401.9900843597429, -15.302245140075684,276.9196300985443, 402.5773209218112, -19.661060333251953,372.1293104994126, 320.0348002264593, -12.256616592407227,312.1601031212362, 284.9319158886708, -16.881620407104492,274.78133197625846, 261.91741618181277, -20.275733947753906,243.77306765495862, 243.6835388327786, -23.07436180114746,398.7885310638747, 284.12425341479525, -12.42332935333252,334.771511801883, 239.21902322671696, -18.679956436157227,290.31331127990995, 208.73785948653511, -22.87214469909668,255.88936427089118, 188.23603713699842, -25.531402587890625,430.3670311769573, 263.53694682502106, -12.678557395935059,380.77006678031523, 211.76762611128595, -17.714067459106445,346.5041315750204, 180.4098922761306, -20.622047424316406,317.6256008412302, 160.3132955555655, -22.525781631469727,465.79592477860064, 256.8729379482143, -13.323127746582031,433.49264347856735, 211.6410882503469, -17.619321823120117,410.00849156372453, 187.14419272618352, -19.765472412109375,385.7424127847043, 168.4337690932109, -20.886079788208008
1955,504.3364314582886, 388.28335875902064, -0.0009683743119239807,445.59208009767826, 415.2534444586296, -6.012253284454346,377.21291310364586, 410.9846269655686, -11.377718925476074,316.6044460656533, 403.8527088493545, -16.497446060180664,270.8572013684747, 406.267230257419, -21.67268180847168,369.7712767585479, 318.4555294068565, -11.7166748046875,312.8934430345436, 283.7696821425329, -17.433330535888672,275.34100173635386, 260.3240750355584, -21.89912986755371,244.116682627761, 241.3247943008324, -25.481142044067383,396.74398383338433, 284.6003994542433, -12.773527145385742,336.01007530820925, 239.91087421635817, -20.0147762298584,293.82210628181093, 209.5392246457696, -25.443485260009766,261.32815076186444, 188.58757903933235, -29.280229568481445,427.98849524862766, 265.10354365047164, -14.056397438049316,377.91228082112093, 214.99009681013558, -20.618408203125,343.8443580920625, 185.18328784954952, -25.06195831298828,315.831527629441, 165.2986160678751, -28.152494430541992,463.1317344804452, 258.5963529930324, -15.766874313354492,429.3571439532726, 214.6352433388218, -21.363706588745117,404.77326515486783, 191.83428472090498, -24.596508026123047,380.42525160389994, 173.9511132471358, -26.68317985534668
2012,503.0933715322431, 390.5219134428912, -0.001065671443939209,443.78258806699, 416.34383705157717, -4.910971641540527,377.6091588001416, 410.235386732498, -9.388936042785645,319.2170629891253, 401.1187647820939, -13.6527681350708,274.77214041224806, 402.3351000788639, -17.95526695251465,368.48451708510714, 316.8918255072557, -9.898336410522461,310.0212992366455, 281.50538732279904, -14.469587326049805,271.43906758208806, 258.3538174818605, -18.190998077392578,239.52118096994445, 240.09972503080328, -21.267074584960938,395.4310474951394, 283.4363353423069, -10.734450340270996,334.41559053172347, 237.00411493039203, -16.551071166992188,291.66769296415197, 206.6571238861654, -20.91442108154297,258.64718490245474, 186.36955971542605, -24.065919876098633,426.8897224460991, 264.4681669502631, -11.694003105163574,377.48507925020544, 213.34966385108964, -16.855464935302734,343.1663309423652, 183.57086273270292, -20.192304611206055,314.7763087443898, 164.47768889601102, -22.60715675354004,462.25744531207204, 258.17174024702297, -13.033573150634766,430.70519206239965, 213.898740276938, -17.409772872924805,407.02668976804455, 190.5270658049925, -19.817413330078125,383.2732568129324, 172.5156674855777, -21.345041275024414
2067,501.6985783610302, 389.2870006237572, -0.0009571313858032227,446.11227712848654, 414.5718232366836, -5.157292366027832,379.4050147391937, 409.4381650563097, -9.915205001831055,320.2561501289842, 400.9459098240825, -14.10884952545166,275.07392882774195, 401.8143111083011, -18.313459396362305,372.6619654814768, 317.0769986282379, -12.596973419189453,312.1656753066373, 282.8821338147934, -16.88664436340332,274.8015474033385, 260.660924937438, -19.782943725585938,243.96457941494856, 243.46438974247883, -22.309242248535156,399.1456793857766, 281.583918800807, -12.698801040649414,335.5418115326217, 238.08007053077938, -18.649856567382812,291.742137027189, 209.64264765256783, -22.383838653564453,257.88947357083487, 191.23780602491817, -24.926673889160156,430.37967085646164, 261.28715286651055, -12.679147720336914,379.64811094634393, 211.6414565401217, -17.503437042236328,345.363548104874, 182.35671787862063, -19.819252014160156,317.02725944810635, 164.4742935916339, -21.410303115844727,465.98465445262025, 254.65171498276692, -12.961198806762695,435.88885669970443, 208.86490241843683, -16.931884765625,413.2838329739507, 184.32084129293372, -18.629714965820312,390.09082231726825, 166.83765262440608, -19.486860275268555
2119,504.06664524978595, 388.32085771720654, -0.000974215567111969,445.74771974900943, 412.3146959989323, -4.702399730682373,379.0945137160625, 407.40422464251793, -9.400019645690918,319.5503184193358, 399.0612125859536, -13.723588943481445,273.46990917150663, 401.4544517574868, -18.226070404052734,372.80440988025856, 319.68446401027444, -11.902626037597656,312.2296491764769, 282.27403808082244, -16.468538284301758,274.5321151252185, 258.5303920545385, -19.511760711669922,243.54261007408698, 240.37139770597372, -22.005321502685547,399.0263520684981, 285.0111498652492, -12.363349914550781,335.0024494182717, 237.79652628982728, -18.35264778137207,291.5552783430121, 208.0568863598043, -21.867046356201172,258.2505443631292, 188.3904108311196, -24.229677200317383,429.57315386614346, 263.85946142099203, -12.741161346435547,377.5166414870335, 211.02371829478798, -17.884252548217773,342.8922003945193, 181.53772742995136, -20.19720458984375,314.87363330647344, 163.0517415782657, -21.655475616455078,464.15694792243124, 254.6934625741358, -13.38749885559082,432.66985679499703, 207.0799544813895, -17.703481674194336,409.8275788700443, 182.4909551511313, -19.537670135498047,387.18227675387914, 164.39145574461043, -20.41485023498535
2175,502.7390704136915, 389.06188973575235, -0.0010843351483345032,443.16840390277184, 411.43194809160246, -4.7793965339660645,377.7318575212271, 404.7198759246303, -9.969816207885742,319.7562052658097, 396.18284626235567, -15.026557922363281,273.8502439282965, 398.0348710083881, -20.512269973754883,372.6872277933113, 315.6780184044167, -11.712013244628906,315.73971906823766, 277.77789515185935, -17.117887496948242,278.52472689434785, 253.4951986071726, -21.043453216552734,248.0180896661559, 234.38570931749507, -24.133394241333008,400.1875331055445, 283.9065249369255, -12.794480323791504,339.0049494819784, 236.92757394517918, -19.831602096557617,295.4089410998882, 207.09024582795323, -24.625778198242188,262.1022386353332, 187.0164916092234, -27.891096115112305,431.4138622840612, 264.97685678335836, -13.85266399383545,380.9421343561233, 213.21281091052725, -20.146806716918945,344.7023850145788, 184.63864136769166, -23.990394592285156,315.8035048846318, 166.57989442922502, -26.441301345825195,466.0033331109245, 257.1480896861945, -15.13575553894043,433.54781615255536, 210.6894726887191, -20.547313690185547,407.77009772904876, 187.6124868279266, -23.55052947998047,382.6776082723894, 170.71997353037284, -25.29847526550293
2253,497.1617962148174, 387.2209934437814, -0.0006848946213722229,440.3349175431108, 414.18572192222484, -6.296776294708252,375.67976811495896, 407.9017565449065, -10.718976974487305,322.44604695610457, 392.59090258059985, -15.449064254760742,288.5699322211847, 379.9839619723137, -20.345962524414062,368.22986503336494, 316.46220731394476, -5.489919185638428,315.87770207530895, 283.2420711778316, -8.803130149841309,284.58986013545126, 266.06605686694985, -11.42306137084961,260.39506681761543, 253.46837525839706, -13.883243560791016,396.38417626628177, 285.81738910410184, -6.827635765075684,345.4108273571067, 243.17732758974265, -10.778007507324219,311.97128247363935, 222.32829669657724, -14.456926345825195,287.1845079625274, 211.30616891719794, -17.252111434936523,428.7545051367567, 268.114561022266, -9.097257614135742,388.97042552907294, 222.98872746749583, -13.454915046691895,359.7384866783771, 201.88549083751377, -16.615497589111328,335.8848467596337, 191.87162481641593, -18.944454193115234,465.1017333019214, 262.0718066378866, -12.125537872314453,440.21090484980635, 220.8135910765041, -15.890568733215332,420.00437883306995, 200.4583776350376, -18.00808334350586,399.32810846892045, 186.92490175810124, -19.50335693359375
2309,494.9635670475896, 390.13370244437374, -0.0006733238697052002,436.34147900711173, 413.12227533754566, -6.21536111831665,373.0624633263562, 403.019805695639, -10.383011817932129,321.25409237243446, 388.83582721455923, -14.847509384155273,287.5719027629208, 378.9244247276803, -19.31687355041504,366.5254701398975, 308.4383287193779, -4.184333801269531,316.22468238169046, 273.6185500193353, -7.726424217224121,287.3286203056606, 259.2761828831734, -10.287832260131836,265.92629283334, 250.969655706493, -12.67957878112793,395.18048149695187, 279.4945810780926, -5.644625186920166,346.0730886995812, 235.25787601387802, -10.11777400970459,315.5498506218365, 220.35672557779765, -13.879629135131836,293.47453998387005, 215.40481187526916, -16.84538459777832,427.81906266522674, 264.12990045527766, -8.206137657165527,389.30063187689814, 219.1765716169764, -13.471173286437988,362.02475537973555, 205.02358981644426, -17.591169357299805,340.55302718978174, 200.81668526148758, -20.64629364013672,464.08972311248266, 260.39923420127957, -11.472158432006836,438.4658467564252, 220.81619742224052, -16.18817901611328,417.26978185351305, 206.7515232177859, -19.199504852294922,396.5879939554075, 199.47397685676708, -21.480955123901367
2361,491.87441109973213, 391.7271645584675, -0.0009784549474716187,434.68183973359953, 412.92949896036987, -6.056756019592285,371.51470849921213, 399.8273403664591, -10.277572631835938,318.58514975461526, 383.33757008803707, -14.775632858276367,284.042715388368, 372.4740513924149, -19.486417770385742,370.16507712318844, 305.5976053651964, -4.221182823181152,321.81617488126653, 268.2392053980826, -7.382735252380371,293.15497033575497, 253.10852084891798, -9.565821647644043,272.08283949877784, 244.0896387534862, -11.683675765991211,398.45725813660516, 278.9067135691792, -5.681330680847168,351.2290297710737, 231.58449083498937, -9.992371559143066,321.98148908259554, 215.98573478768742, -13.641797065734863,302.15541498612936, 211.4543135643334, -16.59457015991211,430.48279515680304, 264.9218258148755, -8.232134819030762,393.4324404039578, 217.49389226854075, -13.756093978881836,367.8711830267221, 204.0762951872067, -18.5524959564209,349.262738842882, 202.01952326824795, -22.12600326538086,465.71725632090147, 261.87067750168745, -11.365913391113281,439.90121713642355, 220.9102429947851, -16.3407039642334,419.03622498382214, 208.14064892368077, -19.902976989746094,400.1295760204875, 204.17500261695318, -22.75783348083496
2416,488.9160649026473, 393.6534092847878, -0.0010626912117004395,432.74650473411776, 410.6065477143362, -5.813446521759033,372.3829695653045, 394.7802925740184, -8.41370964050293,323.15824573267764, 376.67497242410116, -11.912617683410645,290.4332166307024, 364.17187975069834, -15.409148216247559,365.7338287966139, 300.2328136847424, 2.6607580184936523,322.9610475158058, 267.48981667399795, 0.08807182312011719,295.2972633413011, 254.88605336870773, -3.642793655395508,274.266883656462, 247.21419726866273, -7.25314474105835,391.9644383856828, 275.9005095805306, 0.16672003269195557,352.165427231027, 229.67929512976102, -2.692261219024658,325.6631903892993, 214.91898870906482, -7.853385925292969,306.7751226523286, 210.09573087525334, -12.280977249145508,422.7146697643274, 264.4621667122949, -4.165125846862793,393.2754375899881, 217.74552708597395, -8.755605697631836,371.5766870371172, 205.17430862259056, -14.91882610321045,354.58766912750895, 202.6927150887267, -19.861116409301758,458.1304117860239, 264.1044360444606, -9.451106071472168,438.14020047540265, 224.77615582914314, -14.238219261169434,420.8748865570548, 212.25768077728443, -18.72225570678711,404.4493858686047, 206.96296837515453, -22.59388542175293
2469,490.1530538269119, 392.667569214565, -0.0010283812880516052,434.4227905679646, 408.79100150015984, -6.412717342376709,374.32788392810977, 392.2558181393349, -10.37082290649414,325.45442591791266, 375.48568620373777, -15.389636039733887,292.1710734198604, 359.193241478403, -20.697568893432617,366.318265317574, 292.71482438735006, -1.0662130117416382,328.8884115206863, 257.36099231735994, -7.143042087554932,300.34963955816283, 247.061664227073, -14.649996757507324,279.29933298447213, 246.40443508671785, -20.63191795349121,392.7450508262705, 271.9827481254605, -5.311923980712891,357.710804895883, 220.763713595026, -12.647712707519531,327.9991695596418, 211.76353576063957, -22.74920654296875,308.8131898331323, 218.01463088496394, -30.25287628173828,423.7238130717314, 264.49242638273995, -11.348939895629883,397.1127725674198, 211.92880446836017, -19.771696090698242,370.7430188179495, 205.33086845487418, -30.138172149658203,352.96543027886713, 213.87900823088404, -37.67871856689453,460.2578204621645, 267.00145819609696, -18.273710250854492,440.0104194669535, 224.00742707915265, -25.628774642944336,417.93427839606494, 213.74898100318092, -32.829620361328125,397.9745565342252, 216.35777078910684, -39.009552001953125
2549,487.1495225679442, 379.4699148696824, -0.0011123865842819214,434.6438544383929, 406.6404049259545, -6.8437066078186035,373.67350530540756, 396.1739401218278, -9.866351127624512,324.06675472726613, 377.90668945650555, -13.568098068237305,292.6008355545325, 361.28534207460063, -17.386493682861328,370.44844642883055, 303.43215590508595, 5.063675403594971,332.82312567370553, 269.2695137748856, 2.857914447784424,308.71925471670363, 257.84248145052726, -1.642276406288147,293.15146941954407, 256.85656040522554, -5.440131187438965,395.97837105559313, 276.75819417800756, 3.5072646141052246,362.0818173868835, 231.56888026817137, 1.7373539209365845,335.4468119208465, 219.54450657935547, -4.516982078552246,321.05513978592995, 224.19867577303881, -9.502976417541504,426.2870658538169, 263.34406491639976, -0.1778736114501953,401.7013649575254, 215.67522328325606, -3.736262083053589,378.9507007102163, 205.03921582086278, -11.170137405395508,364.9662823255717, 210.8004332892801, -16.623817443847656,462.06856691860526, 260.17737811762123, -4.878151893615723,443.0874507199833, 221.18552873339732, -8.972027778625488,424.85290653923255, 209.7114420348547, -14.087735176086426,410.02429031450276, 210.73124512008283, -18.447933197021484
2602,490.51043750820236, 377.33753450004485, -0.00133543461561203,438.51408296936813, 401.33915998355087, -4.999682426452637,379.88240914444106, 389.22164861378695, -7.902925491333008,330.73333474349465, 374.15993934776134, -11.733416557312012,295.85733469223203, 361.14865452656204, -16.044784545898438,381.53649381826335, 298.25550321116646, 2.8829216957092285,341.38544676353393, 266.7850600429837, -0.607488751411438,311.38664566635293, 257.90111970726946, -5.6499247550964355,288.7557296897351, 259.139007233608, -9.55221176147461,405.9237652639797, 274.42203272807706, 0.11508238315582275,371.46986214193026, 229.85209743773498, -2.9608821868896484,339.49723886590795, 219.74024791196865, -9.789165496826172,317.9877819023417, 225.87501800644628, -14.994378089904785,434.04341307493286, 263.5208176069723, -4.42126989364624,408.9354891894284, 215.78949312452718, -8.643568992614746,381.04998112208773, 205.73087494874483, -16.082366943359375,361.0076428772879, 212.12027876997536, -21.641849517822266,466.5997476040108, 261.7497374257522, -9.730419158935547,447.5103713493037, 222.87676662872, -14.033119201660156,426.65786232287815, 210.71555519421167, -19.398521423339844,407.0059902715548, 210.71219795705673, -24.17721939086914
2658,489.9306948971173, 378.0717359253142, -0.0010435208678245544,437.22166136397914, 401.4873333829779, -5.222836494445801,378.08146946282545, 389.1702950797103, -8.239954948425293,328.6168984640042, 373.8299880548549, -12.055526733398438,295.54875181748054, 359.4049452119826, -16.12228775024414,378.93999281624366, 296.884513187612, 3.3499021530151367,339.37164678417656, 264.7995059002814, -0.3175646662712097,309.69298331051857, 255.9141353903962, -6.02435827255249,287.76028274197995, 258.2065529441853, -10.513042449951172,403.362988620867, 272.5476190909342, 0.7536507844924927,371.1551128427284, 225.97785897938047, -2.3966784477233887,340.4610753575411, 216.6420065147819, -9.69587230682373,320.6253673827954, 224.5908265214116, -15.451430320739746,432.046072228826, 261.46996027922086, -3.734483242034912,409.221703191559, 211.9643238932502, -7.934547424316406,383.3298851923994, 203.16742568223475, -15.708029747009277,365.63964193177134, 211.64605812316273, -21.6156063079834,465.13589315036484, 260.1538569131075, -9.029425621032715,447.385016962304, 220.69441625114086, -13.322622299194336,427.6569846323885, 209.88495255294438, -18.77136993408203,409.8498166516813, 212.09662255748486, -23.712078094482422
2712,489.8401894383882, 380.73553401705345, -0.0010701343417167664,437.32474485361536, 402.5347363414071, -5.638939380645752,379.36667352233576, 388.66197839157076, -9.017354965209961,330.5612018261246, 373.00952081445223, -13.261096954345703,295.59613020765386, 358.6481849912964, -17.86855125427246,381.51042358700846, 298.0634342870797, 2.1943719387054443,342.76389797994096, 263.90538878639046, -1.6533880233764648,312.7586365276933, 252.27827278647325, -7.299704074859619,290.13063812026456, 252.04027018678119, -11.601570129394531,406.25351231512195, 274.2520872877444, -0.42175614833831787,374.53284862840815, 225.7118990303053, -3.981320858001709,343.5444265568976, 214.89039065118686, -11.356961250305176,323.1036841574849, 221.68670693623514, -17.093616485595703,434.5615690706535, 263.11757646169406, -4.930604934692383,411.86241268956485, 212.01879465212681, -9.650999069213867,385.053400403465, 203.73419460316708, -17.64631462097168,366.4851774099814, 212.87355373017414, -23.51422691345215,466.8728442340901, 261.0299674040257, -10.248668670654297,448.22573797768666, 219.98465495490555, -14.9769287109375,427.01453495198746, 209.64297273846847, -20.56988525390625,407.74902195563266, 213.02203915205922, -25.475385665893555
2767,489.8401894383882, 380.73553401705345, -0.0010701343417167664,437.32474485361536, 402.5347363414071, -5.638939380645752,379.36667352233576, 388.66197839157076, -9.017354965209961,330.5612018261246, 373.00952081445223, -13.261096954345703,295.59613020765386, 358.6481849912964, -17.86855125427246,381.51042358700846, 298.0634342870797, 2.1943719387054443,342.76389797994096, 263.90538878639046, -1.6533880233764648,312.7586365276933, 252.27827278647325, -7.299704074859619,290.13063812026456, 252.04027018678119, -11.601570129394531,406.25351231512195, 274.2520872877444, -0.42175614833831787,374.53284862840815, 225.7118990303053, -3.981320858001709,343.5444265568976, 214.89039065118686, -11.356961250305176,323.1036841574849, 221.68670693623514, -17.093616485595703,434.5615690706535, 263.11757646169406, -4.930604934692383,411.86241268956485, 212.01879465212681, -9.650999069213867,385.053400403465, 203.73419460316708, -17.64631462097168,366.4851774099814, 212.87355373017414, -23.51422691345215,466.8728442340901, 261.0299674040257, -10.248668670654297,448.22573797768666, 219.98465495490555, -14.9769287109375,427.01453495198746, 209.64297273846847, -20.56988525390625,407.74902195563266, 213.02203915205922, -25.475385665893555
2825,489.4275725078177, 378.43235674426955, -0.0008256807923316956,438.1667888809589, 401.5823219843688, -5.4148054122924805,379.0364324689738, 389.06259533618186, -8.446215629577637,328.78440112015005, 374.1425195658515, -12.265278816223145,292.2633581762476, 361.00254026721757, -16.268198013305664,379.6473989336, 297.42744207531916, 3.6014299392700195,340.6445868113036, 265.24850804463483, 0.3214486837387085,311.2494650176783, 254.2600558246142, -5.020439624786377,288.77720934284844, 253.6477818049618, -9.393669128417969,403.3401162530027, 272.66396125669945, 1.1871126890182495,370.55840929168795, 226.8585413000261, -1.8853437900543213,340.16114968503956, 215.9281235289765, -8.815771102905273,319.95288790498637, 221.48253624818824, -14.304686546325684,431.2802068535849, 261.03974499098797, -3.1373908519744873,407.89985151081845, 212.04199409669218, -7.267256736755371,381.97784100459654, 202.30906688760854, -14.601561546325684,363.5030827280383, 208.73583043892336, -20.139968872070312,464.0236420909995, 259.17225424692026, -8.314441680908203,445.46757988432375, 219.4678724530687, -12.59459114074707,425.5871735851352, 208.81521133240415, -17.696151733398438,407.4275698079027, 210.1987120651124, -22.248275756835938
2879,490.1313973082497, 378.78659757043107, -0.0008719637989997864,439.51674556671605, 404.8392172414668, -6.768789768218994,379.7787861468631, 391.78458870407167, -10.607206344604492,329.485714875904, 375.625873923121, -15.25075626373291,294.75452699713713, 360.11124872891867, -20.001972198486328,381.0482360541629, 295.423611837808, 2.2356536388397217,339.67001462905887, 263.277434651997, -1.8541072607040405,309.0018149221293, 254.4531320222895, -7.6837077140808105,285.84092756179103, 256.55356331530845, -12.298849105834961,405.6413087593536, 270.2540687471512, -0.25511932373046875,370.8725962092622, 224.92034493362195, -4.384095191955566,337.47358488776484, 216.43169663779238, -12.11955738067627,314.98594446748893, 225.10760132646132, -17.943021774291992,434.2148220067213, 259.4436609918615, -4.812629699707031,408.92443762726094, 211.1946363862254, -9.724995613098145,379.67258388123577, 203.69218175336204, -17.68946647644043,358.8663945023229, 213.0388929953578, -23.55120277404785,467.77410683830476, 258.6284792240381, -10.365293502807617,448.19103047330555, 220.33326741180684, -15.256768226623535,426.30228387931965, 210.39337266292088, -20.919010162353516,405.96058334336567, 212.8159056904487, -25.804893493652344
2931,489.28482993423006, 381.132400786344, -0.0010477527976036072,437.8215795589922, 405.0685129611334, -5.51976203918457,378.3552412156568, 390.8427278066828, -8.894386291503906,328.48359356632676, 374.8240030274408, -13.1737060546875,292.4039234543875, 360.12374433014935, -17.612812042236328,378.5785508398667, 298.2957347158812, 2.813145637512207,339.111773764128, 265.5803148633048, -1.2467396259307861,308.20840581265213, 254.61680600799858, -7.573523998260498,285.1179667591378, 253.94713640672717, -12.548196792602539,402.0042341162725, 274.008969796386, 0.11590313911437988,369.2685735443356, 226.31458205501536, -3.8599610328674316,338.61280791017725, 215.70850754969825, -11.876319885253906,318.23769295983595, 221.6658860425565, -18.487003326416016,430.1615465482549, 262.9850428907953, -4.498353004455566,406.0817092113877, 213.34510938772638, -9.951199531555176,382.0489678697548, 205.62575031241164, -18.675270080566406,366.0583240655746, 213.886258819453, -25.198949813842773,462.82143324308186, 261.9179099893651, -9.861663818359375,442.89243610598044, 223.3319611197684, -15.534017562866211,423.96648742576315, 215.29955875295926, -21.688430786132812,407.7038122998374, 219.2784658146361, -27.085975646972656
2990,486.81718469717805, 379.63912665208716, -0.0007540136575698853,435.7638189438803, 403.87716027876183, -6.478500843048096,376.2268038518306, 390.40760633768593, -11.091883659362793,327.1435306899749, 375.37920934747166, -16.432476043701172,295.3867906143245, 361.70043518488467, -22.09274673461914,377.86233139047215, 293.20813447531435, 0.34742796421051025,336.1987971885352, 261.69943554485207, -4.470579624176025,305.53564436684024, 252.53140641759555, -10.559810638427734,282.6364740249421, 253.385430558271, -15.427145004272461,404.36382564954636, 269.4859091831037, -2.150092601776123,370.45881537694686, 223.45666669107968, -7.166631698608398,338.3792841806119, 213.89406274175562, -15.031355857849121,316.08528331156487, 220.3236390607462, -21.163583755493164,434.9609200426814, 260.31607952060153, -6.4164886474609375,410.664188047685, 212.83677403135107, -12.270330429077148,382.7981271934184, 204.03807368919712, -20.412145614624023,362.67944239811976, 210.8208771703864, -26.367887496948242,469.7111274770304, 261.49265831400044, -11.507450103759766,450.8928324813969, 224.48934813051122, -17.251991271972656,429.37626089430364, 215.14279688035998, -23.070484161376953,409.23855126708867, 217.203654963403, -27.95054817199707
3045,485.7089659549154, 377.33920155036316, -0.0009467005729675293,434.8239899994036, 401.07666021692245, -6.34573221206665,375.04856997006857, 389.507241503743, -9.863828659057617,325.0790685229898, 374.96200527558375, -14.163283348083496,289.60424587549494, 360.25628846905346, -18.58997917175293,374.05315877369907, 294.3628376164279, 4.659854412078857,338.8327977634176, 260.9398822002495, 1.1136747598648071,310.8998886280802, 249.40264307223248, -4.958393096923828,290.134146740821, 249.83190551440964, -9.851346969604492,398.0926850058392, 269.6771455078952, 2.335968017578125,368.8445908193572, 224.38345592302858, -0.5836297869682312,339.08695638159287, 214.81363169099083, -8.44443130493164,319.47739843831016, 223.16779366019094, -14.904763221740723,427.1150405368478, 257.8851721220702, -2.1713569164276123,405.65232775830594, 209.8062047292873, -6.594339370727539,380.9908075500424, 203.20229058331967, -14.855518341064453,364.45539300194474, 214.0429213283197, -21.060901641845703,461.2594983588033, 256.1052903622884, -7.612546443939209,442.1352593277242, 217.52787955034427, -12.53870964050293,422.0121403859258, 209.0141932372743, -18.176433563232422,404.82743683066275, 214.24747359440732, -23.146053314208984
